prodcode,productname,bnfchapter,,,,,,,,,,,,,,,,,,,,,,,,,,,,,,,,,,,,,,,,,,,,,,,,,,,,,,,,,,,,
64785,Paroxetine 30mg tablets (Alliance Healthcare (Distribution) Ltd),04030300,,,,,,,,,,,,,,,,,,,,,,,,,,,,,,,,,,,,,,,,,,,,,,,,,,,,,,,,,,,,
2290,Fluvoxamine 100mg tablets,04030300,,,,,,,,,,,,,,,,,,,,,,,,,,,,,,,,,,,,,,,,,,,,,,,,,,,,,,,,,,,,
73414,Fluoxetine 20mg/5ml oral solution (Pinewood Healthcare),04030300,,,,,,,,,,,,,,,,,,,,,,,,,,,,,,,,,,,,,,,,,,,,,,,,,,,,,,,,,,,,
52824,Citalopram 10mg tablets (PLIVA Pharma Ltd),04030300,,,,,,,,,,,,,,,,,,,,,,,,,,,,,,,,,,,,,,,,,,,,,,,,,,,,,,,,,,,,
67562,Fluoxetine 40mg capsules,04030300,,,,,,,,,,,,,,,,,,,,,,,,,,,,,,,,,,,,,,,,,,,,,,,,,,,,,,,,,,,,
66292,Seroxat 10mg tablets (Waymade Healthcare Plc),04030300,,,,,,,,,,,,,,,,,,,,,,,,,,,,,,,,,,,,,,,,,,,,,,,,,,,,,,,,,,,,
75697,Citalopram 10mg tablets (Phoenix Healthcare Distribution Ltd),04030300,,,,,,,,,,,,,,,,,,,,,,,,,,,,,,,,,,,,,,,,,,,,,,,,,,,,,,,,,,,,
30258,Fluoxetine 20mg/5ml oral solution (Teva UK Ltd),04030300,,,,,,,,,,,,,,,,,,,,,,,,,,,,,,,,,,,,,,,,,,,,,,,,,,,,,,,,,,,,
34288,Fluoxetine 20mg capsules (Viatris UK Healthcare Ltd),04030300,,,,,,,,,,,,,,,,,,,,,,,,,,,,,,,,,,,,,,,,,,,,,,,,,,,,,,,,,,,,
62927,Sertraline 50mg tablets (Wockhardt UK Ltd),04030300,,,,,,,,,,,,,,,,,,,,,,,,,,,,,,,,,,,,,,,,,,,,,,,,,,,,,,,,,,,,
67888,Fluoxetine 60mg capsules (Kent Pharma (UK) Ltd),04030300,,,,,,,,,,,,,,,,,,,,,,,,,,,,,,,,,,,,,,,,,,,,,,,,,,,,,,,,,,,,
3391,Dutonin 100mg tablets (Bristol-Myers Squibb Pharmaceuticals Ltd),04030300,,,,,,,,,,,,,,,,,,,,,,,,,,,,,,,,,,,,,,,,,,,,,,,,,,,,,,,,,,,,
45224,Fluoxetine 20mg capsules (Sandoz Ltd),04030300,,,,,,,,,,,,,,,,,,,,,,,,,,,,,,,,,,,,,,,,,,,,,,,,,,,,,,,,,,,,
46926,Citalopram 40mg tablets (Zentiva Pharma UK Ltd),04030300,,,,,,,,,,,,,,,,,,,,,,,,,,,,,,,,,,,,,,,,,,,,,,,,,,,,,,,,,,,,
34499,Citalopram 10mg tablets (Sandoz Ltd),04030300,,,,,,,,,,,,,,,,,,,,,,,,,,,,,,,,,,,,,,,,,,,,,,,,,,,,,,,,,,,,
26056,Cipralex 10mg/ml oral drops (Lundbeck Ltd),04030300,,,,,,,,,,,,,,,,,,,,,,,,,,,,,,,,,,,,,,,,,,,,,,,,,,,,,,,,,,,,
4770,Citalopram 40mg tablets,04030300,,,,,,,,,,,,,,,,,,,,,,,,,,,,,,,,,,,,,,,,,,,,,,,,,,,,,,,,,,,,
67431,Fluoxetine 10mg capsules,04030300,,,,,,,,,,,,,,,,,,,,,,,,,,,,,,,,,,,,,,,,,,,,,,,,,,,,,,,,,,,,
34413,Citalopram 10mg tablets (Zentiva Pharma UK Ltd),04030300,,,,,,,,,,,,,,,,,,,,,,,,,,,,,,,,,,,,,,,,,,,,,,,,,,,,,,,,,,,,
35021,Paroxetine 10mg tablets,04030300,,,,,,,,,,,,,,,,,,,,,,,,,,,,,,,,,,,,,,,,,,,,,,,,,,,,,,,,,,,,
34966,Citalopram 20mg tablets (Teva UK Ltd),04030300,,,,,,,,,,,,,,,,,,,,,,,,,,,,,,,,,,,,,,,,,,,,,,,,,,,,,,,,,,,,
82497,Lustral 50mg tablets (Dowelhurst Ltd),04030300,,,,,,,,,,,,,,,,,,,,,,,,,,,,,,,,,,,,,,,,,,,,,,,,,,,,,,,,,,,,
79494,Fluoxetine 60mg capsules (A A H Pharmaceuticals Ltd),04030300,,,,,,,,,,,,,,,,,,,,,,,,,,,,,,,,,,,,,,,,,,,,,,,,,,,,,,,,,,,,
86037,Sertraline 25mg tablets (A A H Pharmaceuticals Ltd),04030300,,,,,,,,,,,,,,,,,,,,,,,,,,,,,,,,,,,,,,,,,,,,,,,,,,,,,,,,,,,,
69898,Sertraline 50mg tablets (Sandoz Ltd),04030300,,,,,,,,,,,,,,,,,,,,,,,,,,,,,,,,,,,,,,,,,,,,,,,,,,,,,,,,,,,,
63953,Cipramil 20mg tablets (DE Pharmaceuticals),04030300,,,,,,,,,,,,,,,,,,,,,,,,,,,,,,,,,,,,,,,,,,,,,,,,,,,,,,,,,,,,
79383,Paroxetine 30mg Tablet (Neo Laboratories Ltd),04030300,,,,,,,,,,,,,,,,,,,,,,,,,,,,,,,,,,,,,,,,,,,,,,,,,,,,,,,,,,,,
815,Cipramil 40mg/ml drops (Lundbeck Ltd),04030300,,,,,,,,,,,,,,,,,,,,,,,,,,,,,,,,,,,,,,,,,,,,,,,,,,,,,,,,,,,,
6405,Escitalopram 5mg tablets,04030300,,,,,,,,,,,,,,,,,,,,,,,,,,,,,,,,,,,,,,,,,,,,,,,,,,,,,,,,,,,,
60888,Citalopram 10mg tablets (Sigma Pharmaceuticals Plc),04030300,,,,,,,,,,,,,,,,,,,,,,,,,,,,,,,,,,,,,,,,,,,,,,,,,,,,,,,,,,,,
4297,Dutonin 200mg tablets (Bristol-Myers Squibb Pharmaceuticals Ltd),04030300,,,,,,,,,,,,,,,,,,,,,,,,,,,,,,,,,,,,,,,,,,,,,,,,,,,,,,,,,,,,
34856,Fluoxetine 60mg capsules (Viatris UK Healthcare Ltd),04030300,,,,,,,,,,,,,,,,,,,,,,,,,,,,,,,,,,,,,,,,,,,,,,,,,,,,,,,,,,,,
68266,Fluoxetine 20mg/5ml oral solution sugar free (Accord Healthcare Ltd),04030300,,,,,,,,,,,,,,,,,,,,,,,,,,,,,,,,,,,,,,,,,,,,,,,,,,,,,,,,,,,,
727,Sertraline 100mg tablets,04030300,,,,,,,,,,,,,,,,,,,,,,,,,,,,,,,,,,,,,,,,,,,,,,,,,,,,,,,,,,,,
69542,Prozac 20mg capsules (Necessity Supplies Ltd),04030300,,,,,,,,,,,,,,,,,,,,,,,,,,,,,,,,,,,,,,,,,,,,,,,,,,,,,,,,,,,,
44944,Sertraline 100mg tablets (Teva UK Ltd),04030300,,,,,,,,,,,,,,,,,,,,,,,,,,,,,,,,,,,,,,,,,,,,,,,,,,,,,,,,,,,,
34456,Fluoxetine 20mg capsules (Teva UK Ltd),04030300,,,,,,,,,,,,,,,,,,,,,,,,,,,,,,,,,,,,,,,,,,,,,,,,,,,,,,,,,,,,
40165,Paroxetine 30mg tablets (Accord Healthcare Ltd),04030300,,,,,,,,,,,,,,,,,,,,,,,,,,,,,,,,,,,,,,,,,,,,,,,,,,,,,,,,,,,,
78626,Sertraline 15mg/5ml oral suspension,04030300,,,,,,,,,,,,,,,,,,,,,,,,,,,,,,,,,,,,,,,,,,,,,,,,,,,,,,,,,,,,
67758,Prozac 20mg capsules (DE Pharmaceuticals),04030300,,,,,,,,,,,,,,,,,,,,,,,,,,,,,,,,,,,,,,,,,,,,,,,,,,,,,,,,,,,,
54081,Sertraline 25mg/5ml oral suspension,04030300,,,,,,,,,,,,,,,,,,,,,,,,,,,,,,,,,,,,,,,,,,,,,,,,,,,,,,,,,,,,
67,Citalopram 20mg tablets,04030300,,,,,,,,,,,,,,,,,,,,,,,,,,,,,,,,,,,,,,,,,,,,,,,,,,,,,,,,,,,,
12123,Faverin 100mg tablets (Viatris UK Healthcare Ltd),04030300,,,,,,,,,,,,,,,,,,,,,,,,,,,,,,,,,,,,,,,,,,,,,,,,,,,,,,,,,,,,
81067,Citalopram 20mg tablets (Noumed Life Sciences Ltd),04030300,,,,,,,,,,,,,,,,,,,,,,,,,,,,,,,,,,,,,,,,,,,,,,,,,,,,,,,,,,,,
60839,Citalopram 40mg tablets (Almus Pharmaceuticals Ltd),04030300,,,,,,,,,,,,,,,,,,,,,,,,,,,,,,,,,,,,,,,,,,,,,,,,,,,,,,,,,,,,
83668,Sertraline 25mg/5ml oral suspension (Drug Tariff Special Order),04030300,,,,,,,,,,,,,,,,,,,,,,,,,,,,,,,,,,,,,,,,,,,,,,,,,,,,,,,,,,,,
32546,Paxoran 10mg Tablet (Ranbaxy (UK) Ltd),04030300,,,,,,,,,,,,,,,,,,,,,,,,,,,,,,,,,,,,,,,,,,,,,,,,,,,,,,,,,,,,
60534,Fluoxetine 20mg dispersible tablets sugar free,04030300,,,,,,,,,,,,,,,,,,,,,,,,,,,,,,,,,,,,,,,,,,,,,,,,,,,,,,,,,,,,
63916,Escitalopram 10mg tablets (Actavis UK Ltd),04030300,,,,,,,,,,,,,,,,,,,,,,,,,,,,,,,,,,,,,,,,,,,,,,,,,,,,,,,,,,,,
49519,Sertraline 100mg/5ml oral suspension,04030300,,,,,,,,,,,,,,,,,,,,,,,,,,,,,,,,,,,,,,,,,,,,,,,,,,,,,,,,,,,,
77538,Sertraline 50mg/5ml oral suspension (Drug Tariff Special Order),04030300,,,,,,,,,,,,,,,,,,,,,,,,,,,,,,,,,,,,,,,,,,,,,,,,,,,,,,,,,,,,
43519,Citalopram 40mg Tablet (Neo Laboratories Ltd),04030300,,,,,,,,,,,,,,,,,,,,,,,,,,,,,,,,,,,,,,,,,,,,,,,,,,,,,,,,,,,,
785,Cipralex 5mg tablets (Lundbeck Ltd),04030300,,,,,,,,,,,,,,,,,,,,,,,,,,,,,,,,,,,,,,,,,,,,,,,,,,,,,,,,,,,,
60962,Fluoxetine 20mg capsules (Alliance Healthcare (Distribution) Ltd),04030300,,,,,,,,,,,,,,,,,,,,,,,,,,,,,,,,,,,,,,,,,,,,,,,,,,,,,,,,,,,,
59193,Citalopram 10mg tablets (Ranbaxy (UK) Ltd),04030300,,,,,,,,,,,,,,,,,,,,,,,,,,,,,,,,,,,,,,,,,,,,,,,,,,,,,,,,,,,,
55537,Seroxat 30mg tablets (Lexon (UK) Ltd),04030300,,,,,,,,,,,,,,,,,,,,,,,,,,,,,,,,,,,,,,,,,,,,,,,,,,,,,,,,,,,,
82884,Sertraline 25mg tablets,04030300,,,,,,,,,,,,,,,,,,,,,,,,,,,,,,,,,,,,,,,,,,,,,,,,,,,,,,,,,,,,
77707,Sertraline 75mg/5ml oral suspension,04030300,,,,,,,,,,,,,,,,,,,,,,,,,,,,,,,,,,,,,,,,,,,,,,,,,,,,,,,,,,,,
34603,Citalopram 40mg tablets (Viatris UK Healthcare Ltd),04030300,,,,,,,,,,,,,,,,,,,,,,,,,,,,,,,,,,,,,,,,,,,,,,,,,,,,,,,,,,,,
85369,Sertraline 5mg/5ml oral suspension,04030300,,,,,,,,,,,,,,,,,,,,,,,,,,,,,,,,,,,,,,,,,,,,,,,,,,,,,,,,,,,,
32848,Citalopram 10mg tablets (Actavis UK Ltd),04030300,,,,,,,,,,,,,,,,,,,,,,,,,,,,,,,,,,,,,,,,,,,,,,,,,,,,,,,,,,,,
38890,Fluoxetine 20mg Capsule (Milpharm Ltd),04030300,,,,,,,,,,,,,,,,,,,,,,,,,,,,,,,,,,,,,,,,,,,,,,,,,,,,,,,,,,,,
62155,Fluoxetine 20mg capsules (Phoenix Healthcare Distribution Ltd),04030300,,,,,,,,,,,,,,,,,,,,,,,,,,,,,,,,,,,,,,,,,,,,,,,,,,,,,,,,,,,,
67736,Fluoxetine 20mg capsules (Dr Reddy's Laboratories (UK) Ltd),04030300,,,,,,,,,,,,,,,,,,,,,,,,,,,,,,,,,,,,,,,,,,,,,,,,,,,,,,,,,,,,
34202,Fluoxetine 20mg capsules (Genus Pharmaceuticals Ltd),04030300,,,,,,,,,,,,,,,,,,,,,,,,,,,,,,,,,,,,,,,,,,,,,,,,,,,,,,,,,,,,
73668,Paroxetine 20mg tablets (Almus Pharmaceuticals Ltd),04030300,,,,,,,,,,,,,,,,,,,,,,,,,,,,,,,,,,,,,,,,,,,,,,,,,,,,,,,,,,,,
20152,Escitalopram 10mg/ml oral drops sugar free,04030300,,,,,,,,,,,,,,,,,,,,,,,,,,,,,,,,,,,,,,,,,,,,,,,,,,,,,,,,,,,,
82346,Escitalopram 10mg tablets (Sigma Pharmaceuticals Plc),04030300,,,,,,,,,,,,,,,,,,,,,,,,,,,,,,,,,,,,,,,,,,,,,,,,,,,,,,,,,,,,
37256,Prozep 20mg/5ml oral solution (Rosemont Pharmaceuticals Ltd),04030300,,,,,,,,,,,,,,,,,,,,,,,,,,,,,,,,,,,,,,,,,,,,,,,,,,,,,,,,,,,,
75247,Fluoxetine 60mg capsules (Advanz Pharma),04030300,,,,,,,,,,,,,,,,,,,,,,,,,,,,,,,,,,,,,,,,,,,,,,,,,,,,,,,,,,,,
79163,Sertraline 50mg tablets (Kent Pharma (UK) Ltd),04030300,,,,,,,,,,,,,,,,,,,,,,,,,,,,,,,,,,,,,,,,,,,,,,,,,,,,,,,,,,,,
418,Prozac 20mg capsules (Eli Lilly and Company Ltd),04030300,,,,,,,,,,,,,,,,,,,,,,,,,,,,,,,,,,,,,,,,,,,,,,,,,,,,,,,,,,,,
83078,Citalopram 40mg tablets (Medreich Plc),04030300,,,,,,,,,,,,,,,,,,,,,,,,,,,,,,,,,,,,,,,,,,,,,,,,,,,,,,,,,,,,
78278,Sertraline 12.5mg tablets,04030300,,,,,,,,,,,,,,,,,,,,,,,,,,,,,,,,,,,,,,,,,,,,,,,,,,,,,,,,,,,,
67097,Citalopram 20mg tablets (Accord Healthcare Ltd),04030300,,,,,,,,,,,,,,,,,,,,,,,,,,,,,,,,,,,,,,,,,,,,,,,,,,,,,,,,,,,,
66413,Sertraline 100mg tablets (Ranbaxy (UK) Ltd),04030300,,,,,,,,,,,,,,,,,,,,,,,,,,,,,,,,,,,,,,,,,,,,,,,,,,,,,,,,,,,,
67730,Sertraline 50mg tablets (Ranbaxy (UK) Ltd),04030300,,,,,,,,,,,,,,,,,,,,,,,,,,,,,,,,,,,,,,,,,,,,,,,,,,,,,,,,,,,,
476,Citalopram 10mg tablets,04030300,,,,,,,,,,,,,,,,,,,,,,,,,,,,,,,,,,,,,,,,,,,,,,,,,,,,,,,,,,,,
71848,Citalopram 20mg/5ml oral suspension,04030300,,,,,,,,,,,,,,,,,,,,,,,,,,,,,,,,,,,,,,,,,,,,,,,,,,,,,,,,,,,,
80820,Cipralex 20mg tablets (DE Pharmaceuticals),04030300,,,,,,,,,,,,,,,,,,,,,,,,,,,,,,,,,,,,,,,,,,,,,,,,,,,,,,,,,,,,
75943,Prozac 20mg/5ml liquid (Necessity Supplies Ltd),04030300,,,,,,,,,,,,,,,,,,,,,,,,,,,,,,,,,,,,,,,,,,,,,,,,,,,,,,,,,,,,
488,Sertraline 50mg tablets,04030300,,,,,,,,,,,,,,,,,,,,,,,,,,,,,,,,,,,,,,,,,,,,,,,,,,,,,,,,,,,,
82578,Seroxat 30mg tablets (Waymade Healthcare Plc),04030300,,,,,,,,,,,,,,,,,,,,,,,,,,,,,,,,,,,,,,,,,,,,,,,,,,,,,,,,,,,,
79590,Fluoxetine 30mg capsules (Medreich Plc),04030300,,,,,,,,,,,,,,,,,,,,,,,,,,,,,,,,,,,,,,,,,,,,,,,,,,,,,,,,,,,,
84264,Citalopram 10mg tablets (Medreich Plc),04030300,,,,,,,,,,,,,,,,,,,,,,,,,,,,,,,,,,,,,,,,,,,,,,,,,,,,,,,,,,,,
68325,Paroxetine 40mg tablets,04030300,,,,,,,,,,,,,,,,,,,,,,,,,,,,,,,,,,,,,,,,,,,,,,,,,,,,,,,,,,,,
79506,Fluoxetine 20mg capsules (Bristol Laboratories Ltd),04030300,,,,,,,,,,,,,,,,,,,,,,,,,,,,,,,,,,,,,,,,,,,,,,,,,,,,,,,,,,,,
4075,Fluoxetine 60mg capsules,04030300,,,,,,,,,,,,,,,,,,,,,,,,,,,,,,,,,,,,,,,,,,,,,,,,,,,,,,,,,,,,
513,Citalopram 40mg/ml oral drops sugar free,04030300,,,,,,,,,,,,,,,,,,,,,,,,,,,,,,,,,,,,,,,,,,,,,,,,,,,,,,,,,,,,
84572,Paroxetine 10mg tablets (Alliance Healthcare (Distribution) Ltd),04030300,,,,,,,,,,,,,,,,,,,,,,,,,,,,,,,,,,,,,,,,,,,,,,,,,,,,,,,,,,,,
6360,Cipralex 20mg tablets (Lundbeck Ltd),04030300,,,,,,,,,,,,,,,,,,,,,,,,,,,,,,,,,,,,,,,,,,,,,,,,,,,,,,,,,,,,
2548,Fluoxetine 20mg/5ml oral solution,04030300,,,,,,,,,,,,,,,,,,,,,,,,,,,,,,,,,,,,,,,,,,,,,,,,,,,,,,,,,,,,
1712,Cipramil 20mg tablets (Lundbeck Ltd),04030300,,,,,,,,,,,,,,,,,,,,,,,,,,,,,,,,,,,,,,,,,,,,,,,,,,,,,,,,,,,,
84470,Sertraline 100mg tablets (Consilient Health Ltd),04030300,,,,,,,,,,,,,,,,,,,,,,,,,,,,,,,,,,,,,,,,,,,,,,,,,,,,,,,,,,,,
34216,Fluoxetine 20mg/5ml oral solution (A A H Pharmaceuticals Ltd),04030300,,,,,,,,,,,,,,,,,,,,,,,,,,,,,,,,,,,,,,,,,,,,,,,,,,,,,,,,,,,,
86466,Sertraline 100mg tablets (Dr Reddy's Laboratories (UK) Ltd),04030300,,,,,,,,,,,,,,,,,,,,,,,,,,,,,,,,,,,,,,,,,,,,,,,,,,,,,,,,,,,,
62335,Olena 20mg dispersible tablets (Advanz Pharma),04030300,,,,,,,,,,,,,,,,,,,,,,,,,,,,,,,,,,,,,,,,,,,,,,,,,,,,,,,,,,,,
52100,Citalopram 10mg tablets (Arrow Generics Ltd),04030300,,,,,,,,,,,,,,,,,,,,,,,,,,,,,,,,,,,,,,,,,,,,,,,,,,,,,,,,,,,,
55488,Sertraline 50mg tablets (Teva UK Ltd),04030300,,,,,,,,,,,,,,,,,,,,,,,,,,,,,,,,,,,,,,,,,,,,,,,,,,,,,,,,,,,,
45329,Fluoxetine 20mg capsules (Actavis UK Ltd),04030300,,,,,,,,,,,,,,,,,,,,,,,,,,,,,,,,,,,,,,,,,,,,,,,,,,,,,,,,,,,,
1397,Paroxetine 30mg tablets,04030300,,,,,,,,,,,,,,,,,,,,,,,,,,,,,,,,,,,,,,,,,,,,,,,,,,,,,,,,,,,,
42107,Fluoxetine 20mg capsules (Niche Generics Ltd),04030300,,,,,,,,,,,,,,,,,,,,,,,,,,,,,,,,,,,,,,,,,,,,,,,,,,,,,,,,,,,,
34722,Citalopram 20mg Tablet (Neo Laboratories Ltd),04030300,,,,,,,,,,,,,,,,,,,,,,,,,,,,,,,,,,,,,,,,,,,,,,,,,,,,,,,,,,,,
79784,Cipramil 10mg tablets (Waymade Healthcare Plc),04030300,,,,,,,,,,,,,,,,,,,,,,,,,,,,,,,,,,,,,,,,,,,,,,,,,,,,,,,,,,,,
45915,Sertraline 50mg tablets (Almus Pharmaceuticals Ltd),04030300,,,,,,,,,,,,,,,,,,,,,,,,,,,,,,,,,,,,,,,,,,,,,,,,,,,,,,,,,,,,
40726,Escitalopram 20mg/ml oral drops sugar free,04030300,,,,,,,,,,,,,,,,,,,,,,,,,,,,,,,,,,,,,,,,,,,,,,,,,,,,,,,,,,,,
57532,Prozac 20mg capsules (Waymade Healthcare Plc),04030300,,,,,,,,,,,,,,,,,,,,,,,,,,,,,,,,,,,,,,,,,,,,,,,,,,,,,,,,,,,,
841,Seroxat 20mg tablets (GlaxoSmithKline UK Ltd),04030300,,,,,,,,,,,,,,,,,,,,,,,,,,,,,,,,,,,,,,,,,,,,,,,,,,,,,,,,,,,,
69685,Fluoxetine 20mg/5ml oral solution sugar free (Morningside Healthcare Ltd),04030300,,,,,,,,,,,,,,,,,,,,,,,,,,,,,,,,,,,,,,,,,,,,,,,,,,,,,,,,,,,,
72773,Escitalopram 20mg tablets (Teva UK Ltd),04030300,,,,,,,,,,,,,,,,,,,,,,,,,,,,,,,,,,,,,,,,,,,,,,,,,,,,,,,,,,,,
34356,Citalopram 20mg tablets (A A H Pharmaceuticals Ltd),04030300,,,,,,,,,,,,,,,,,,,,,,,,,,,,,,,,,,,,,,,,,,,,,,,,,,,,,,,,,,,,
73417,Citalopram 20mg tablets (PLIVA Pharma Ltd),04030300,,,,,,,,,,,,,,,,,,,,,,,,,,,,,,,,,,,,,,,,,,,,,,,,,,,,,,,,,,,,
43518,Fluvoxamine 100mg tablets (IVAX Pharmaceuticals UK Ltd),04030300,,,,,,,,,,,,,,,,,,,,,,,,,,,,,,,,,,,,,,,,,,,,,,,,,,,,,,,,,,,,
76772,Seroxat 30mg tablets (Mawdsley-Brooks & Company Ltd),04030300,,,,,,,,,,,,,,,,,,,,,,,,,,,,,,,,,,,,,,,,,,,,,,,,,,,,,,,,,,,,
71005,Citalopram 10mg tablets (DE Pharmaceuticals),04030300,,,,,,,,,,,,,,,,,,,,,,,,,,,,,,,,,,,,,,,,,,,,,,,,,,,,,,,,,,,,
75075,Citalopram 40mg tablets (Alliance Healthcare (Distribution) Ltd),04030300,,,,,,,,,,,,,,,,,,,,,,,,,,,,,,,,,,,,,,,,,,,,,,,,,,,,,,,,,,,,
29756,Paxoran 20mg Tablet (Ranbaxy (UK) Ltd),04030300,,,,,,,,,,,,,,,,,,,,,,,,,,,,,,,,,,,,,,,,,,,,,,,,,,,,,,,,,,,,
61503,Sertraline 100mg tablets (Actavis UK Ltd),04030300,,,,,,,,,,,,,,,,,,,,,,,,,,,,,,,,,,,,,,,,,,,,,,,,,,,,,,,,,,,,
19470,Fluoxetine 20mg capsules (Ranbaxy (UK) Ltd),04030300,,,,,,,,,,,,,,,,,,,,,,,,,,,,,,,,,,,,,,,,,,,,,,,,,,,,,,,,,,,,
81854,Paroxetine 10mg tablets (Teva UK Ltd),04030300,,,,,,,,,,,,,,,,,,,,,,,,,,,,,,,,,,,,,,,,,,,,,,,,,,,,,,,,,,,,
66560,Sertraline 100mg tablets (Viatris UK Healthcare Ltd),04030300,,,,,,,,,,,,,,,,,,,,,,,,,,,,,,,,,,,,,,,,,,,,,,,,,,,,,,,,,,,,
82495,Lustral 100mg tablets (Dowelhurst Ltd),04030300,,,,,,,,,,,,,,,,,,,,,,,,,,,,,,,,,,,,,,,,,,,,,,,,,,,,,,,,,,,,
41062,Cipralex 20mg/ml oral drops (Lundbeck Ltd),04030300,,,,,,,,,,,,,,,,,,,,,,,,,,,,,,,,,,,,,,,,,,,,,,,,,,,,,,,,,,,,
4011,Nefazodone 200mg tablets,04030300,,,,,,,,,,,,,,,,,,,,,,,,,,,,,,,,,,,,,,,,,,,,,,,,,,,,,,,,,,,,
85763,Sertraline 50mg tablets (Genesis Pharmaceuticals Ltd),04030300,,,,,,,,,,,,,,,,,,,,,,,,,,,,,,,,,,,,,,,,,,,,,,,,,,,,,,,,,,,,
65771,Sertraline 200mg/5ml oral suspension (Special Order),04030300,,,,,,,,,,,,,,,,,,,,,,,,,,,,,,,,,,,,,,,,,,,,,,,,,,,,,,,,,,,,
85007,Sertraline 100mg tablets (Medreich Plc),04030300,,,,,,,,,,,,,,,,,,,,,,,,,,,,,,,,,,,,,,,,,,,,,,,,,,,,,,,,,,,,
62692,Sertraline 100mg tablets (Bristol Laboratories Ltd),04030300,,,,,,,,,,,,,,,,,,,,,,,,,,,,,,,,,,,,,,,,,,,,,,,,,,,,,,,,,,,,
34351,Paroxetine 20mg tablets (IVAX Pharmaceuticals UK Ltd),04030300,,,,,,,,,,,,,,,,,,,,,,,,,,,,,,,,,,,,,,,,,,,,,,,,,,,,,,,,,,,,
252,Prozac 20mg/5ml liquid (Eli Lilly and Company Ltd),04030300,,,,,,,,,,,,,,,,,,,,,,,,,,,,,,,,,,,,,,,,,,,,,,,,,,,,,,,,,,,,
45223,Citalopram 40mg tablets (Niche Generics Ltd),04030300,,,,,,,,,,,,,,,,,,,,,,,,,,,,,,,,,,,,,,,,,,,,,,,,,,,,,,,,,,,,
79381,Paroxetine 30mg Tablet (Sovereign Medical Ltd),04030300,,,,,,,,,,,,,,,,,,,,,,,,,,,,,,,,,,,,,,,,,,,,,,,,,,,,,,,,,,,,
34822,Citalopram 20mg tablets (Zentiva Pharma UK Ltd),04030300,,,,,,,,,,,,,,,,,,,,,,,,,,,,,,,,,,,,,,,,,,,,,,,,,,,,,,,,,,,,
85516,Citalopram 10mg tablets (Medihealth (Northern) Ltd),04030300,,,,,,,,,,,,,,,,,,,,,,,,,,,,,,,,,,,,,,,,,,,,,,,,,,,,,,,,,,,,
55033,Citalopram 40mg tablets (DE Pharmaceuticals),04030300,,,,,,,,,,,,,,,,,,,,,,,,,,,,,,,,,,,,,,,,,,,,,,,,,,,,,,,,,,,,
77607,Sertraline 10mg/5ml oral suspension,04030300,,,,,,,,,,,,,,,,,,,,,,,,,,,,,,,,,,,,,,,,,,,,,,,,,,,,,,,,,,,,
83378,Cipralex 10mg tablets (Necessity Supplies Ltd),04030300,,,,,,,,,,,,,,,,,,,,,,,,,,,,,,,,,,,,,,,,,,,,,,,,,,,,,,,,,,,,
85525,Escitalopram 5mg tablets (A A H Pharmaceuticals Ltd),04030300,,,,,,,,,,,,,,,,,,,,,,,,,,,,,,,,,,,,,,,,,,,,,,,,,,,,,,,,,,,,
55146,Sertraline 100mg tablets (A A H Pharmaceuticals Ltd),04030300,,,,,,,,,,,,,,,,,,,,,,,,,,,,,,,,,,,,,,,,,,,,,,,,,,,,,,,,,,,,
80370,Citalopram 10mg tablets (Tillomed Laboratories Ltd),04030300,,,,,,,,,,,,,,,,,,,,,,,,,,,,,,,,,,,,,,,,,,,,,,,,,,,,,,,,,,,,
75645,Fluoxetine 2.5mg/5ml oral solution,04030300,,,,,,,,,,,,,,,,,,,,,,,,,,,,,,,,,,,,,,,,,,,,,,,,,,,,,,,,,,,,
73589,Seroxat 20mg tablets (Lexon (UK) Ltd),04030300,,,,,,,,,,,,,,,,,,,,,,,,,,,,,,,,,,,,,,,,,,,,,,,,,,,,,,,,,,,,
52607,Citalopram 20mg tablets (Bristol Laboratories Ltd),04030300,,,,,,,,,,,,,,,,,,,,,,,,,,,,,,,,,,,,,,,,,,,,,,,,,,,,,,,,,,,,
44861,Fluvoxamine 100mg tablets (Actavis UK Ltd),04030300,,,,,,,,,,,,,,,,,,,,,,,,,,,,,,,,,,,,,,,,,,,,,,,,,,,,,,,,,,,,
71852,Fluoxetine 20mg capsules (Accord Healthcare Ltd),04030300,,,,,,,,,,,,,,,,,,,,,,,,,,,,,,,,,,,,,,,,,,,,,,,,,,,,,,,,,,,,
60619,Fluoxetine 20mg/5ml oral solution (Kent Pharma (UK) Ltd),04030300,,,,,,,,,,,,,,,,,,,,,,,,,,,,,,,,,,,,,,,,,,,,,,,,,,,,,,,,,,,,
83981,Paroxetine 20mg tablets (Sandoz Ltd),04030300,,,,,,,,,,,,,,,,,,,,,,,,,,,,,,,,,,,,,,,,,,,,,,,,,,,,,,,,,,,,
34419,Paroxetine 20mg tablets (A A H Pharmaceuticals Ltd),04030300,,,,,,,,,,,,,,,,,,,,,,,,,,,,,,,,,,,,,,,,,,,,,,,,,,,,,,,,,,,,
34849,Fluoxetine 20mg capsules (Tillomed Laboratories Ltd),04030300,,,,,,,,,,,,,,,,,,,,,,,,,,,,,,,,,,,,,,,,,,,,,,,,,,,,,,,,,,,,
1575,Seroxat 30mg tablets (GlaxoSmithKline UK Ltd),04030300,,,,,,,,,,,,,,,,,,,,,,,,,,,,,,,,,,,,,,,,,,,,,,,,,,,,,,,,,,,,
75405,Sertraline 50mg/5ml oral solution,04030300,,,,,,,,,,,,,,,,,,,,,,,,,,,,,,,,,,,,,,,,,,,,,,,,,,,,,,,,,,,,
42387,Sertraline 50mg tablets (Actavis UK Ltd),04030300,,,,,,,,,,,,,,,,,,,,,,,,,,,,,,,,,,,,,,,,,,,,,,,,,,,,,,,,,,,,
80821,Cipralex 20mg tablets (Mawdsley-Brooks & Company Ltd),04030300,,,,,,,,,,,,,,,,,,,,,,,,,,,,,,,,,,,,,,,,,,,,,,,,,,,,,,,,,,,,
68756,Sertraline 100mg tablets (Sandoz Ltd),04030300,,,,,,,,,,,,,,,,,,,,,,,,,,,,,,,,,,,,,,,,,,,,,,,,,,,,,,,,,,,,
7328,Sertraline 50mg/5ml oral suspension,04030300,,,,,,,,,,,,,,,,,,,,,,,,,,,,,,,,,,,,,,,,,,,,,,,,,,,,,,,,,,,,
34294,Fluoxetine 20mg capsules (IVAX Pharmaceuticals UK Ltd),04030300,,,,,,,,,,,,,,,,,,,,,,,,,,,,,,,,,,,,,,,,,,,,,,,,,,,,,,,,,,,,
34436,Citalopram 10mg tablets (Viatris UK Healthcare Ltd),04030300,,,,,,,,,,,,,,,,,,,,,,,,,,,,,,,,,,,,,,,,,,,,,,,,,,,,,,,,,,,,
85140,Sertraline 100mg tablets (DE Pharmaceuticals),04030300,,,,,,,,,,,,,,,,,,,,,,,,,,,,,,,,,,,,,,,,,,,,,,,,,,,,,,,,,,,,
74993,Escitalopram 10mg tablets (Brown & Burk UK Ltd),04030300,,,,,,,,,,,,,,,,,,,,,,,,,,,,,,,,,,,,,,,,,,,,,,,,,,,,,,,,,,,,
62693,Sertraline 50mg tablets (Bristol Laboratories Ltd),04030300,,,,,,,,,,,,,,,,,,,,,,,,,,,,,,,,,,,,,,,,,,,,,,,,,,,,,,,,,,,,
52354,Citalopram 20mg tablets (DE Pharmaceuticals),04030300,,,,,,,,,,,,,,,,,,,,,,,,,,,,,,,,,,,,,,,,,,,,,,,,,,,,,,,,,,,,
22,Fluoxetine 20mg capsules,04030300,,,,,,,,,,,,,,,,,,,,,,,,,,,,,,,,,,,,,,,,,,,,,,,,,,,,,,,,,,,,
59288,Paroxetine 10mg tablets (Accord Healthcare Ltd),04030300,,,,,,,,,,,,,,,,,,,,,,,,,,,,,,,,,,,,,,,,,,,,,,,,,,,,,,,,,,,,
33410,Fluoxetine 20mg capsules (Zentiva Pharma UK Ltd),04030300,,,,,,,,,,,,,,,,,,,,,,,,,,,,,,,,,,,,,,,,,,,,,,,,,,,,,,,,,,,,
67769,Fluoxetine 20mg capsules (Strides Pharma UK Ltd),04030300,,,,,,,,,,,,,,,,,,,,,,,,,,,,,,,,,,,,,,,,,,,,,,,,,,,,,,,,,,,,
35112,Seroxat 10mg tablets (GlaxoSmithKline UK Ltd),04030300,,,,,,,,,,,,,,,,,,,,,,,,,,,,,,,,,,,,,,,,,,,,,,,,,,,,,,,,,,,,
67259,Paroxetine 10mg/5ml oral solution,04030300,,,,,,,,,,,,,,,,,,,,,,,,,,,,,,,,,,,,,,,,,,,,,,,,,,,,,,,,,,,,
3861,Cipramil 10mg tablets (Lundbeck Ltd),04030300,,,,,,,,,,,,,,,,,,,,,,,,,,,,,,,,,,,,,,,,,,,,,,,,,,,,,,,,,,,,
29786,Ranflutin 20mg capsules (Ranbaxy (UK) Ltd),04030300,,,,,,,,,,,,,,,,,,,,,,,,,,,,,,,,,,,,,,,,,,,,,,,,,,,,,,,,,,,,
74785,Cipralex 10mg tablets (DE Pharmaceuticals),04030300,,,,,,,,,,,,,,,,,,,,,,,,,,,,,,,,,,,,,,,,,,,,,,,,,,,,,,,,,,,,
32899,Paroxetine 20mg tablets (Accord Healthcare Ltd),04030300,,,,,,,,,,,,,,,,,,,,,,,,,,,,,,,,,,,,,,,,,,,,,,,,,,,,,,,,,,,,
1612,Lustral 50mg tablets (Viatris UK Healthcare Ltd),04030300,,,,,,,,,,,,,,,,,,,,,,,,,,,,,,,,,,,,,,,,,,,,,,,,,,,,,,,,,,,,
72373,Citalopram 20mg tablets (Ranbaxy (UK) Ltd),04030300,,,,,,,,,,,,,,,,,,,,,,,,,,,,,,,,,,,,,,,,,,,,,,,,,,,,,,,,,,,,
83463,Paroxetine 30mg tablets (Almus Pharmaceuticals Ltd),04030300,,,,,,,,,,,,,,,,,,,,,,,,,,,,,,,,,,,,,,,,,,,,,,,,,,,,,,,,,,,,
67496,Fluoxetine 30mg capsules,04030300,,,,,,,,,,,,,,,,,,,,,,,,,,,,,,,,,,,,,,,,,,,,,,,,,,,,,,,,,,,,
75068,Fluoxetine 40mg capsules (Alliance Healthcare (Distribution) Ltd),04030300,,,,,,,,,,,,,,,,,,,,,,,,,,,,,,,,,,,,,,,,,,,,,,,,,,,,,,,,,,,,
59358,Fluoxetine 20mg capsules (Milpharm Ltd),04030300,,,,,,,,,,,,,,,,,,,,,,,,,,,,,,,,,,,,,,,,,,,,,,,,,,,,,,,,,,,,
85550,Paroxetine 40mg tablets (Crescent Pharma Ltd),04030300,,,,,,,,,,,,,,,,,,,,,,,,,,,,,,,,,,,,,,,,,,,,,,,,,,,,,,,,,,,,
33978,Paroxetine 20mg tablets (Viatris UK Healthcare Ltd),04030300,,,,,,,,,,,,,,,,,,,,,,,,,,,,,,,,,,,,,,,,,,,,,,,,,,,,,,,,,,,,
74753,Citalopram 30mg tablets,04030300,,,,,,,,,,,,,,,,,,,,,,,,,,,,,,,,,,,,,,,,,,,,,,,,,,,,,,,,,,,,
67928,Sertraline 100mg tablets (Milpharm Ltd),04030300,,,,,,,,,,,,,,,,,,,,,,,,,,,,,,,,,,,,,,,,,,,,,,,,,,,,,,,,,,,,
4554,Nefazodone 100mg tablets,04030300,,,,,,,,,,,,,,,,,,,,,,,,,,,,,,,,,,,,,,,,,,,,,,,,,,,,,,,,,,,,
76946,Paroxetine 10mg tablets (A A H Pharmaceuticals Ltd),04030300,,,,,,,,,,,,,,,,,,,,,,,,,,,,,,,,,,,,,,,,,,,,,,,,,,,,,,,,,,,,
54933,Sertraline 100mg tablets (PLIVA Pharma Ltd),04030300,,,,,,,,,,,,,,,,,,,,,,,,,,,,,,,,,,,,,,,,,,,,,,,,,,,,,,,,,,,,
58476,Citalopram 20mg tablets (Milpharm Ltd),04030300,,,,,,,,,,,,,,,,,,,,,,,,,,,,,,,,,,,,,,,,,,,,,,,,,,,,,,,,,,,,
58723,Sertraline 50mg tablets (Accord Healthcare Ltd),04030300,,,,,,,,,,,,,,,,,,,,,,,,,,,,,,,,,,,,,,,,,,,,,,,,,,,,,,,,,,,,
55023,Paroxetine 20mg tablets (Medreich Plc),04030300,,,,,,,,,,,,,,,,,,,,,,,,,,,,,,,,,,,,,,,,,,,,,,,,,,,,,,,,,,,,
75702,Citalopram 40mg tablets (Kent Pharma (UK) Ltd),04030300,,,,,,,,,,,,,,,,,,,,,,,,,,,,,,,,,,,,,,,,,,,,,,,,,,,,,,,,,,,,
56355,Citalopram 10mg tablets (Waymade Healthcare Plc),04030300,,,,,,,,,,,,,,,,,,,,,,,,,,,,,,,,,,,,,,,,,,,,,,,,,,,,,,,,,,,,
41528,Citalopram 10mg tablets (Teva UK Ltd),04030300,,,,,,,,,,,,,,,,,,,,,,,,,,,,,,,,,,,,,,,,,,,,,,,,,,,,,,,,,,,,
42660,Citalopram 10mg tablets (Almus Pharmaceuticals Ltd),04030300,,,,,,,,,,,,,,,,,,,,,,,,,,,,,,,,,,,,,,,,,,,,,,,,,,,,,,,,,,,,
48045,Fluvoxamine 100mg tablets (A A H Pharmaceuticals Ltd),04030300,,,,,,,,,,,,,,,,,,,,,,,,,,,,,,,,,,,,,,,,,,,,,,,,,,,,,,,,,,,,
69725,Sertraline 50mg tablets (Crescent Pharma Ltd),04030300,,,,,,,,,,,,,,,,,,,,,,,,,,,,,,,,,,,,,,,,,,,,,,,,,,,,,,,,,,,,
59650,Citalopram 10mg tablets (Milpharm Ltd),04030300,,,,,,,,,,,,,,,,,,,,,,,,,,,,,,,,,,,,,,,,,,,,,,,,,,,,,,,,,,,,
69726,Sertraline 100mg tablets (Crescent Pharma Ltd),04030300,,,,,,,,,,,,,,,,,,,,,,,,,,,,,,,,,,,,,,,,,,,,,,,,,,,,,,,,,,,,
85420,Sertraline 50mg tablets (Flamingo Pharma (UK) Ltd),04030300,,,,,,,,,,,,,,,,,,,,,,,,,,,,,,,,,,,,,,,,,,,,,,,,,,,,,,,,,,,,
63481,Sertraline 50mg tablets (Milpharm Ltd),04030300,,,,,,,,,,,,,,,,,,,,,,,,,,,,,,,,,,,,,,,,,,,,,,,,,,,,,,,,,,,,
84538,Sertraline 100mg tablets (Dowelhurst Ltd),04030300,,,,,,,,,,,,,,,,,,,,,,,,,,,,,,,,,,,,,,,,,,,,,,,,,,,,,,,,,,,,
84646,Paroxetine 10mg tablets (DE Pharmaceuticals),04030300,,,,,,,,,,,,,,,,,,,,,,,,,,,,,,,,,,,,,,,,,,,,,,,,,,,,,,,,,,,,
33720,Citalopram 10mg tablets (IVAX Pharmaceuticals UK Ltd),04030300,,,,,,,,,,,,,,,,,,,,,,,,,,,,,,,,,,,,,,,,,,,,,,,,,,,,,,,,,,,,
34586,Citalopram 10mg tablets (A A H Pharmaceuticals Ltd),04030300,,,,,,,,,,,,,,,,,,,,,,,,,,,,,,,,,,,,,,,,,,,,,,,,,,,,,,,,,,,,
42499,Fluoxetine 10mg tablets,04030300,,,,,,,,,,,,,,,,,,,,,,,,,,,,,,,,,,,,,,,,,,,,,,,,,,,,,,,,,,,,
73962,Sertraline 100mg tablets (Wockhardt UK Ltd),04030300,,,,,,,,,,,,,,,,,,,,,,,,,,,,,,,,,,,,,,,,,,,,,,,,,,,,,,,,,,,,
60568,Citalopram 20mg tablets (Waymade Healthcare Plc),04030300,,,,,,,,,,,,,,,,,,,,,,,,,,,,,,,,,,,,,,,,,,,,,,,,,,,,,,,,,,,,
56009,Citalopram 20mg tablets (Arrow Generics Ltd),04030300,,,,,,,,,,,,,,,,,,,,,,,,,,,,,,,,,,,,,,,,,,,,,,,,,,,,,,,,,,,,
84656,Sertraline oral solution,04030300,,,,,,,,,,,,,,,,,,,,,,,,,,,,,,,,,,,,,,,,,,,,,,,,,,,,,,,,,,,,
75688,Fluoxetine 20mg capsules (Genesis Pharmaceuticals Ltd),04030300,,,,,,,,,,,,,,,,,,,,,,,,,,,,,,,,,,,,,,,,,,,,,,,,,,,,,,,,,,,,
82506,Seroxat 20mg tablets (Waymade Healthcare Plc),04030300,,,,,,,,,,,,,,,,,,,,,,,,,,,,,,,,,,,,,,,,,,,,,,,,,,,,,,,,,,,,
648,Cipralex 10mg tablets (Lundbeck Ltd),04030300,,,,,,,,,,,,,,,,,,,,,,,,,,,,,,,,,,,,,,,,,,,,,,,,,,,,,,,,,,,,
33779,Prozit 20mg/5ml oral solution (Pinewood Healthcare),04030300,,,,,,,,,,,,,,,,,,,,,,,,,,,,,,,,,,,,,,,,,,,,,,,,,,,,,,,,,,,,
78843,Paroxetine 30mg/5ml oral solution,04030300,,,,,,,,,,,,,,,,,,,,,,,,,,,,,,,,,,,,,,,,,,,,,,,,,,,,,,,,,,,,
77385,Lustral 50mg tablets (DE Pharmaceuticals),04030300,,,,,,,,,,,,,,,,,,,,,,,,,,,,,,,,,,,,,,,,,,,,,,,,,,,,,,,,,,,,
46977,Citalopram 40mg tablets (Actavis UK Ltd),04030300,,,,,,,,,,,,,,,,,,,,,,,,,,,,,,,,,,,,,,,,,,,,,,,,,,,,,,,,,,,,
527,Paroxetine 10mg/5ml oral suspension sugar free,04030300,,,,,,,,,,,,,,,,,,,,,,,,,,,,,,,,,,,,,,,,,,,,,,,,,,,,,,,,,,,,
69941,Fluoxetine 10mg capsules (A A H Pharmaceuticals Ltd),04030300,,,,,,,,,,,,,,,,,,,,,,,,,,,,,,,,,,,,,,,,,,,,,,,,,,,,,,,,,,,,
4907,Prozac 60mg capsules (Eli Lilly and Company Ltd),04030300,,,,,,,,,,,,,,,,,,,,,,,,,,,,,,,,,,,,,,,,,,,,,,,,,,,,,,,,,,,,
34587,Paroxetine 30mg tablets (A A H Pharmaceuticals Ltd),04030300,,,,,,,,,,,,,,,,,,,,,,,,,,,,,,,,,,,,,,,,,,,,,,,,,,,,,,,,,,,,
36746,Citalopram 40mg tablets (A A H Pharmaceuticals Ltd),04030300,,,,,,,,,,,,,,,,,,,,,,,,,,,,,,,,,,,,,,,,,,,,,,,,,,,,,,,,,,,,
58664,Sertraline 50mg tablets (Viatris UK Healthcare Ltd),04030300,,,,,,,,,,,,,,,,,,,,,,,,,,,,,,,,,,,,,,,,,,,,,,,,,,,,,,,,,,,,
34871,Citalopram 20mg tablets (Actavis UK Ltd),04030300,,,,,,,,,,,,,,,,,,,,,,,,,,,,,,,,,,,,,,,,,,,,,,,,,,,,,,,,,,,,
603,Escitalopram 10mg tablets,04030300,,,,,,,,,,,,,,,,,,,,,,,,,,,,,,,,,,,,,,,,,,,,,,,,,,,,,,,,,,,,
81987,Escitalopram 10mg tablets (Accord Healthcare Ltd),04030300,,,,,,,,,,,,,,,,,,,,,,,,,,,,,,,,,,,,,,,,,,,,,,,,,,,,,,,,,,,,
84537,Sertraline 50mg tablets (Waymade Healthcare Plc),04030300,,,,,,,,,,,,,,,,,,,,,,,,,,,,,,,,,,,,,,,,,,,,,,,,,,,,,,,,,,,,
66744,Fluoxetine 20mg capsules (Morningside Healthcare Ltd),04030300,,,,,,,,,,,,,,,,,,,,,,,,,,,,,,,,,,,,,,,,,,,,,,,,,,,,,,,,,,,,
80453,Escitalopram 20mg tablets (A A H Pharmaceuticals Ltd),04030300,,,,,,,,,,,,,,,,,,,,,,,,,,,,,,,,,,,,,,,,,,,,,,,,,,,,,,,,,,,,
54827,Citalopram 10mg/5ml oral suspension,04030300,,,,,,,,,,,,,,,,,,,,,,,,,,,,,,,,,,,,,,,,,,,,,,,,,,,,,,,,,,,,
75799,Fluoxetine 20mg capsules (Almus Pharmaceuticals Ltd),04030300,,,,,,,,,,,,,,,,,,,,,,,,,,,,,,,,,,,,,,,,,,,,,,,,,,,,,,,,,,,,
67092,Fluoxetine 20mg capsules (Waymade Healthcare Plc),04030300,,,,,,,,,,,,,,,,,,,,,,,,,,,,,,,,,,,,,,,,,,,,,,,,,,,,,,,,,,,,
2408,Cipramil 40mg tablets (Lundbeck Ltd),04030300,,,,,,,,,,,,,,,,,,,,,,,,,,,,,,,,,,,,,,,,,,,,,,,,,,,,,,,,,,,,
62950,Sertraline 100mg tablets (Accord Healthcare Ltd),04030300,,,,,,,,,,,,,,,,,,,,,,,,,,,,,,,,,,,,,,,,,,,,,,,,,,,,,,,,,,,,
63441,Citalopram 10mg tablets (Rivopharm (UK) Ltd),04030300,,,,,,,,,,,,,,,,,,,,,,,,,,,,,,,,,,,,,,,,,,,,,,,,,,,,,,,,,,,,
85005,Sertraline 50mg tablets (Dr Reddy's Laboratories (UK) Ltd),04030300,,,,,,,,,,,,,,,,,,,,,,,,,,,,,,,,,,,,,,,,,,,,,,,,,,,,,,,,,,,,
69525,Fluoxetine 20mg capsules (Medreich Plc),04030300,,,,,,,,,,,,,,,,,,,,,,,,,,,,,,,,,,,,,,,,,,,,,,,,,,,,,,,,,,,,
33071,Felicium 20mg capsules (Opus Pharmaceuticals Ltd),04030300,,,,,,,,,,,,,,,,,,,,,,,,,,,,,,,,,,,,,,,,,,,,,,,,,,,,,,,,,,,,
59600,Sertraline 100mg tablets (Almus Pharmaceuticals Ltd),04030300,,,,,,,,,,,,,,,,,,,,,,,,,,,,,,,,,,,,,,,,,,,,,,,,,,,,,,,,,,,,
69571,Citalopram 40mg tablets (Accord Healthcare Ltd),04030300,,,,,,,,,,,,,,,,,,,,,,,,,,,,,,,,,,,,,,,,,,,,,,,,,,,,,,,,,,,,
62819,Sertraline 12.5mg/5ml oral suspension,04030300,,,,,,,,,,,,,,,,,,,,,,,,,,,,,,,,,,,,,,,,,,,,,,,,,,,,,,,,,,,,
54826,Sertraline 150mg/5ml oral suspension,04030300,,,,,,,,,,,,,,,,,,,,,,,,,,,,,,,,,,,,,,,,,,,,,,,,,,,,,,,,,,,,
53394,Citalopram 20mg tablets (Alliance Healthcare (Distribution) Ltd),04030300,,,,,,,,,,,,,,,,,,,,,,,,,,,,,,,,,,,,,,,,,,,,,,,,,,,,,,,,,,,,
57936,Citalopram 40mg/ml oral drops sugar free (A A H Pharmaceuticals Ltd),04030300,,,,,,,,,,,,,,,,,,,,,,,,,,,,,,,,,,,,,,,,,,,,,,,,,,,,,,,,,,,,
80702,Prozac 20mg/5ml liquid (Lexon (UK) Ltd),04030300,,,,,,,,,,,,,,,,,,,,,,,,,,,,,,,,,,,,,,,,,,,,,,,,,,,,,,,,,,,,
42803,Fluoxetine 20mg/5ml oral solution (IVAX Pharmaceuticals UK Ltd),04030300,,,,,,,,,,,,,,,,,,,,,,,,,,,,,,,,,,,,,,,,,,,,,,,,,,,,,,,,,,,,
85308,Citalopram 10mg tablets (Sovereign Medical Ltd),04030300,,,,,,,,,,,,,,,,,,,,,,,,,,,,,,,,,,,,,,,,,,,,,,,,,,,,,,,,,,,,
78889,Fluoxetine 40mg capsules (Medreich Plc),04030300,,,,,,,,,,,,,,,,,,,,,,,,,,,,,,,,,,,,,,,,,,,,,,,,,,,,,,,,,,,,
45247,Fluoxetine 20mg capsules (Fannin (UK) Ltd),04030300,,,,,,,,,,,,,,,,,,,,,,,,,,,,,,,,,,,,,,,,,,,,,,,,,,,,,,,,,,,,
61335,Prozac 20mg capsules (Mawdsley-Brooks & Company Ltd),04030300,,,,,,,,,,,,,,,,,,,,,,,,,,,,,,,,,,,,,,,,,,,,,,,,,,,,,,,,,,,,
85194,Sertraline 50mg tablets (Focus Pharmaceuticals Ltd),04030300,,,,,,,,,,,,,,,,,,,,,,,,,,,,,,,,,,,,,,,,,,,,,,,,,,,,,,,,,,,,
74588,Seroxat 20mg tablets (DE Pharmaceuticals),04030300,,,,,,,,,,,,,,,,,,,,,,,,,,,,,,,,,,,,,,,,,,,,,,,,,,,,,,,,,,,,
4352,Lustral 100mg tablets (Viatris UK Healthcare Ltd),04030300,,,,,,,,,,,,,,,,,,,,,,,,,,,,,,,,,,,,,,,,,,,,,,,,,,,,,,,,,,,,
75952,Sertraline 50mg tablets (Tillomed Laboratories Ltd),04030300,,,,,,,,,,,,,,,,,,,,,,,,,,,,,,,,,,,,,,,,,,,,,,,,,,,,,,,,,,,,
74886,Fluoxetine 2mg/5ml oral solution,04030300,,,,,,,,,,,,,,,,,,,,,,,,,,,,,,,,,,,,,,,,,,,,,,,,,,,,,,,,,,,,
86493,Lustral 50mg tablets (Lexon (UK) Ltd),04030300,,,,,,,,,,,,,,,,,,,,,,,,,,,,,,,,,,,,,,,,,,,,,,,,,,,,,,,,,,,,
45316,Fluoxetine 20mg capsules (Wockhardt UK Ltd),04030300,,,,,,,,,,,,,,,,,,,,,,,,,,,,,,,,,,,,,,,,,,,,,,,,,,,,,,,,,,,,
83101,Sertraline 25mg tablets (Zentiva Pharma UK Ltd),04030300,,,,,,,,,,,,,,,,,,,,,,,,,,,,,,,,,,,,,,,,,,,,,,,,,,,,,,,,,,,,
73759,Sertraline 20mg/5ml oral suspension,04030300,,,,,,,,,,,,,,,,,,,,,,,,,,,,,,,,,,,,,,,,,,,,,,,,,,,,,,,,,,,,
19183,Fluoxetine 20mg capsules (A A H Pharmaceuticals Ltd),04030300,,,,,,,,,,,,,,,,,,,,,,,,,,,,,,,,,,,,,,,,,,,,,,,,,,,,,,,,,,,,
53787,Citalopram 10mg tablets (Bristol Laboratories Ltd),04030300,,,,,,,,,,,,,,,,,,,,,,,,,,,,,,,,,,,,,,,,,,,,,,,,,,,,,,,,,,,,
48026,Citalopram 20mg tablets (Almus Pharmaceuticals Ltd),04030300,,,,,,,,,,,,,,,,,,,,,,,,,,,,,,,,,,,,,,,,,,,,,,,,,,,,,,,,,,,,
49165,Citalopram 10mg tablets (Alliance Healthcare (Distribution) Ltd),04030300,,,,,,,,,,,,,,,,,,,,,,,,,,,,,,,,,,,,,,,,,,,,,,,,,,,,,,,,,,,,
50,Paroxetine 20mg tablets,04030300,,,,,,,,,,,,,,,,,,,,,,,,,,,,,,,,,,,,,,,,,,,,,,,,,,,,,,,,,,,,
74858,Cipralex 10mg tablets (Waymade Healthcare Plc),04030300,,,,,,,,,,,,,,,,,,,,,,,,,,,,,,,,,,,,,,,,,,,,,,,,,,,,,,,,,,,,
45286,Citalopram 10mg tablets (Niche Generics Ltd),04030300,,,,,,,,,,,,,,,,,,,,,,,,,,,,,,,,,,,,,,,,,,,,,,,,,,,,,,,,,,,,
75054,Paroxetine oral liquid,04030300,,,,,,,,,,,,,,,,,,,,,,,,,,,,,,,,,,,,,,,,,,,,,,,,,,,,,,,,,,,,
3601,Seroxat 20mg/10ml liquid (GlaxoSmithKline UK Ltd),04030300,,,,,,,,,,,,,,,,,,,,,,,,,,,,,,,,,,,,,,,,,,,,,,,,,,,,,,,,,,,,
40892,Paroxetine 20mg tablets (Genus Pharmaceuticals Ltd),04030300,,,,,,,,,,,,,,,,,,,,,,,,,,,,,,,,,,,,,,,,,,,,,,,,,,,,,,,,,,,,
52408,Citalopram 10mg tablets (Kent Pharma (UK) Ltd),04030300,,,,,,,,,,,,,,,,,,,,,,,,,,,,,,,,,,,,,,,,,,,,,,,,,,,,,,,,,,,,
72124,Citalopram 40mg/ml oral drops sugar free (Teva UK Ltd),04030300,,,,,,,,,,,,,,,,,,,,,,,,,,,,,,,,,,,,,,,,,,,,,,,,,,,,,,,,,,,,
34466,Citalopram 40mg tablets (Sandoz Ltd),04030300,,,,,,,,,,,,,,,,,,,,,,,,,,,,,,,,,,,,,,,,,,,,,,,,,,,,,,,,,,,,
2880,Fluvoxamine 50mg tablets,04030300,,,,,,,,,,,,,,,,,,,,,,,,,,,,,,,,,,,,,,,,,,,,,,,,,,,,,,,,,,,,
77650,Seroxat 20mg tablets (Mawdsley-Brooks & Company Ltd),04030300,,,,,,,,,,,,,,,,,,,,,,,,,,,,,,,,,,,,,,,,,,,,,,,,,,,,,,,,,,,,
82670,Citalopram 20mg tablets (Sovereign Medical Ltd),04030300,,,,,,,,,,,,,,,,,,,,,,,,,,,,,,,,,,,,,,,,,,,,,,,,,,,,,,,,,,,,
34970,Citalopram 20mg tablets (Niche Generics Ltd),04030300,,,,,,,,,,,,,,,,,,,,,,,,,,,,,,,,,,,,,,,,,,,,,,,,,,,,,,,,,,,,
2897,Faverin 50mg tablets (Viatris UK Healthcare Ltd),04030300,,,,,,,,,,,,,,,,,,,,,,,,,,,,,,,,,,,,,,,,,,,,,,,,,,,,,,,,,,,,
14740,Oxactin 20mg capsules (Discovery Pharmaceuticals),04030300,,,,,,,,,,,,,,,,,,,,,,,,,,,,,,,,,,,,,,,,,,,,,,,,,,,,,,,,,,,,
48220,Prozac 20mg capsules (Lexon (UK) Ltd),04030300,,,,,,,,,,,,,,,,,,,,,,,,,,,,,,,,,,,,,,,,,,,,,,,,,,,,,,,,,,,,
26016,Citalopram 20mg tablets (Sandoz Ltd),04030300,,,,,,,,,,,,,,,,,,,,,,,,,,,,,,,,,,,,,,,,,,,,,,,,,,,,,,,,,,,,
34415,Citalopram 20mg tablets (Viatris UK Healthcare Ltd),04030300,,,,,,,,,,,,,,,,,,,,,,,,,,,,,,,,,,,,,,,,,,,,,,,,,,,,,,,,,,,,
56292,Citalopram 40mg/ml oral drops sugar free (Actavis UK Ltd),04030300,,,,,,,,,,,,,,,,,,,,,,,,,,,,,,,,,,,,,,,,,,,,,,,,,,,,,,,,,,,,
70790,Citalopram 40mg tablets (Milpharm Ltd),04030300,,,,,,,,,,,,,,,,,,,,,,,,,,,,,,,,,,,,,,,,,,,,,,,,,,,,,,,,,,,,
36893,Fluoxetine 20mg/5ml oral solution sugar free,04030300,,,,,,,,,,,,,,,,,,,,,,,,,,,,,,,,,,,,,,,,,,,,,,,,,,,,,,,,,,,,
64423,Citalopram 10mg tablets (Accord Healthcare Ltd),04030300,,,,,,,,,,,,,,,,,,,,,,,,,,,,,,,,,,,,,,,,,,,,,,,,,,,,,,,,,,,,
81906,Fluoxetine 10mg tablets (Endo Ventures Ltd),04030300,,,,,,,,,,,,,,,,,,,,,,,,,,,,,,,,,,,,,,,,,,,,,,,,,,,,,,,,,,,,
82384,Lustral 100mg tablets (Lexon (UK) Ltd),04030300,,,,,,,,,,,,,,,,,,,,,,,,,,,,,,,,,,,,,,,,,,,,,,,,,,,,,,,,,,,,
6218,Escitalopram 20mg tablets,04030300,,,,,,,,,,,,,,,,,,,,,,,,,,,,,,,,,,,,,,,,,,,,,,,,,,,,,,,,,,,,
34498,Citalopram 10mg Tablet (Neo Laboratories Ltd),04030300,,,,,,,,,,,,,,,,,,,,,,,,,,,,,,,,,,,,,,,,,,,,,,,,,,,,,,,,,,,,
81991,Sertraline 50mg tablets (Relonchem Ltd),04030300,,,,,,,,,,,,,,,,,,,,,,,,,,,,,,,,,,,,,,,,,,,,,,,,,,,,,,,,,,,,
60138,Fluoxetine 20mg orodispersible tablets sugar free,04030300,,,,,,,,,,,,,,,,,,,,,,,,,,,,,,,,,,,,,,,,,,,,,,,,,,,,,,,,,,,,
32401,Sertraline 50mg tablets (A A H Pharmaceuticals Ltd),04030300,,,,,,,,,,,,,,,,,,,,,,,,,,,,,,,,,,,,,,,,,,,,,,,,,,,,,,,,,,,,
45304,Citalopram 40mg tablets (Teva UK Ltd),04030300,,,,,,,,,,,,,,,,,,,,,,,,,,,,,,,,,,,,,,,,,,,,,,,,,,,,,,,,,,,,
77381,Prozac 20mg capsules (Dowelhurst Ltd),04030300,,,,,,,,,,,,,,,,,,,,,,,,,,,,,,,,,,,,,,,,,,,,,,,,,,,,,,,,,,,,
82195,Sertraline 25mg/5ml oral solution,04030300,,,,,,,,,,,,,,,,,,,,,,,,,,,,,,,,,,,,,,,,,,,,,,,,,,,,,,,,,,,,
77881,Fluoxetine 10mg capsules (Medreich Plc),04030300,,,,,,,,,,,,,,,,,,,,,,,,,,,,,,,,,,,,,,,,,,,,,,,,,,,,,,,,,,,,
